CREATE TABLE IF NOT EXISTS "auth_group" ("id" integer NOT NULL PRIMARY KEY AUTOINCREMENT, "name" varchar(150) NOT NULL UNIQUE);
CREATE UNIQUE INDEX "django_content_type_app_label_model_76bd3d3b_uniq" ON "django_content_type" ("app_label", "model");
CREATE UNIQUE INDEX "auth_group_permissions_group_id_permission_id_0cd325b0_uniq" ON "auth_group_permissions" ("group_id", "permission_id");
CREATE INDEX IF NOT EXISTS "auth_group_permissions_group_id_b120cbf9" ON "auth_group_permissions" ("group_id");
CREATE INDEX IF NOT EXISTS "auth_group_permissions_permission_id_84c5c92e" ON "auth_group_permissions" ("permission_id");
CREATE UNIQUE INDEX "auth_permission_content_type_id_codename_01ab375a_uniq" ON "auth_permission" ("content_type_id", "codename");
CREATE INDEX IF NOT EXISTS "auth_permission_content_type_id_2f476e4b" ON "auth_permission" ("content_type_id");
CREATE UNIQUE INDEX "users_users_groups_users_id_group_id_02603a5e_uniq" ON "users_users_groups" ("users_id", "group_id");
CREATE INDEX IF NOT EXISTS "users_users_groups_users_id_5572cf36" ON "users_users_groups" ("users_id");
CREATE INDEX IF NOT EXISTS "users_users_groups_group_id_3e15ff0f" ON "users_users_groups" ("group_id");
CREATE UNIQUE INDEX "users_users_user_permissions_users_id_permission_id_119659d5_uniq" ON "users_users_user_permissions" ("users_id", "permission_id");
CREATE INDEX IF NOT EXISTS "users_users_user_permissions_users_id_04010ba6" ON "users_users_user_permissions" ("users_id");
CREATE INDEX IF NOT EXISTS "users_users_user_permissions_permission_id_9a117d64" ON "users_users_user_permissions" ("permission_id");
CREATE INDEX IF NOT EXISTS "django_admin_log_content_type_id_c4bce8eb" ON "django_admin_log" ("content_type_id");
CREATE INDEX IF NOT EXISTS "django_admin_log_user_id_c564eba6" ON "django_admin_log" ("user_id");
CREATE INDEX IF NOT EXISTS "ombor_maxsulotnomi_kategoriya_id_7e576c9f" ON "ombor_maxsulotnomi" ("kategoriya_id");
CREATE INDEX IF NOT EXISTS "django_session_expire_date_a5c62663" ON "django_session" ("expire_date");
CREATE TABLE IF NOT EXISTS "auth_group_permissions" ("id" integer NOT NULL PRIMARY KEY AUTOINCREMENT, "group_id" integer NOT NULL REFERENCES "auth_group" ("id") DEFERRABLE INITIALLY DEFERRED, "permission_id" integer NOT NULL REFERENCES "auth_permission" ("id") DEFERRABLE INITIALLY DEFERRED);
CREATE UNIQUE INDEX "django_content_type_app_label_model_76bd3d3b_uniq" ON "django_content_type" ("app_label", "model");
CREATE UNIQUE INDEX "auth_group_permissions_group_id_permission_id_0cd325b0_uniq" ON "auth_group_permissions" ("group_id", "permission_id");
CREATE INDEX IF NOT EXISTS "auth_group_permissions_group_id_b120cbf9" ON "auth_group_permissions" ("group_id");
CREATE INDEX IF NOT EXISTS "auth_group_permissions_permission_id_84c5c92e" ON "auth_group_permissions" ("permission_id");
CREATE UNIQUE INDEX "auth_permission_content_type_id_codename_01ab375a_uniq" ON "auth_permission" ("content_type_id", "codename");
CREATE INDEX IF NOT EXISTS "auth_permission_content_type_id_2f476e4b" ON "auth_permission" ("content_type_id");
CREATE UNIQUE INDEX "users_users_groups_users_id_group_id_02603a5e_uniq" ON "users_users_groups" ("users_id", "group_id");
CREATE INDEX IF NOT EXISTS "users_users_groups_users_id_5572cf36" ON "users_users_groups" ("users_id");
CREATE INDEX IF NOT EXISTS "users_users_groups_group_id_3e15ff0f" ON "users_users_groups" ("group_id");
CREATE UNIQUE INDEX "users_users_user_permissions_users_id_permission_id_119659d5_uniq" ON "users_users_user_permissions" ("users_id", "permission_id");
CREATE INDEX IF NOT EXISTS "users_users_user_permissions_users_id_04010ba6" ON "users_users_user_permissions" ("users_id");
CREATE INDEX IF NOT EXISTS "users_users_user_permissions_permission_id_9a117d64" ON "users_users_user_permissions" ("permission_id");
CREATE INDEX IF NOT EXISTS "django_admin_log_content_type_id_c4bce8eb" ON "django_admin_log" ("content_type_id");
CREATE INDEX IF NOT EXISTS "django_admin_log_user_id_c564eba6" ON "django_admin_log" ("user_id");
CREATE INDEX IF NOT EXISTS "ombor_maxsulotnomi_kategoriya_id_7e576c9f" ON "ombor_maxsulotnomi" ("kategoriya_id");
CREATE INDEX IF NOT EXISTS "django_session_expire_date_a5c62663" ON "django_session" ("expire_date");
CREATE TABLE IF NOT EXISTS "auth_permission" ("id" integer NOT NULL PRIMARY KEY AUTOINCREMENT, "content_type_id" integer NOT NULL REFERENCES "django_content_type" ("id") DEFERRABLE INITIALLY DEFERRED, "codename" varchar(100) NOT NULL, "name" varchar(255) NOT NULL);
INSERT INTO "auth_permission" VALUES(1,1,'add_logentry','Can add log entry');
INSERT INTO "auth_permission" VALUES(2,1,'change_logentry','Can change log entry');
INSERT INTO "auth_permission" VALUES(3,1,'delete_logentry','Can delete log entry');
INSERT INTO "auth_permission" VALUES(4,1,'view_logentry','Can view log entry');
INSERT INTO "auth_permission" VALUES(5,2,'add_permission','Can add permission');
INSERT INTO "auth_permission" VALUES(6,2,'change_permission','Can change permission');
INSERT INTO "auth_permission" VALUES(7,2,'delete_permission','Can delete permission');
INSERT INTO "auth_permission" VALUES(8,2,'view_permission','Can view permission');
INSERT INTO "auth_permission" VALUES(9,3,'add_group','Can add group');
INSERT INTO "auth_permission" VALUES(10,3,'change_group','Can change group');
INSERT INTO "auth_permission" VALUES(11,3,'delete_group','Can delete group');
INSERT INTO "auth_permission" VALUES(12,3,'view_group','Can view group');
INSERT INTO "auth_permission" VALUES(13,4,'add_contenttype','Can add content type');
INSERT INTO "auth_permission" VALUES(14,4,'change_contenttype','Can change content type');
INSERT INTO "auth_permission" VALUES(15,4,'delete_contenttype','Can delete content type');
INSERT INTO "auth_permission" VALUES(16,4,'view_contenttype','Can view content type');
INSERT INTO "auth_permission" VALUES(17,5,'add_session','Can add session');
INSERT INTO "auth_permission" VALUES(18,5,'change_session','Can change session');
INSERT INTO "auth_permission" VALUES(19,5,'delete_session','Can delete session');
INSERT INTO "auth_permission" VALUES(20,5,'view_session','Can view session');
INSERT INTO "auth_permission" VALUES(21,6,'add_kategoriya','Can add kategoriya');
INSERT INTO "auth_permission" VALUES(22,6,'change_kategoriya','Can change kategoriya');
INSERT INTO "auth_permission" VALUES(23,6,'delete_kategoriya','Can delete kategoriya');
INSERT INTO "auth_permission" VALUES(24,6,'view_kategoriya','Can view kategoriya');
INSERT INTO "auth_permission" VALUES(25,7,'add_maxsulotnomi','Can add maxsulot nomi');
INSERT INTO "auth_permission" VALUES(26,7,'change_maxsulotnomi','Can change maxsulot nomi');
INSERT INTO "auth_permission" VALUES(27,7,'delete_maxsulotnomi','Can delete maxsulot nomi');
INSERT INTO "auth_permission" VALUES(28,7,'view_maxsulotnomi','Can view maxsulot nomi');
INSERT INTO "auth_permission" VALUES(29,8,'add_users','Can add user');
INSERT INTO "auth_permission" VALUES(30,8,'change_users','Can change user');
INSERT INTO "auth_permission" VALUES(31,8,'delete_users','Can delete user');
INSERT INTO "auth_permission" VALUES(32,8,'view_users','Can view user');
CREATE UNIQUE INDEX "django_content_type_app_label_model_76bd3d3b_uniq" ON "django_content_type" ("app_label", "model");
CREATE UNIQUE INDEX "auth_group_permissions_group_id_permission_id_0cd325b0_uniq" ON "auth_group_permissions" ("group_id", "permission_id");
CREATE INDEX IF NOT EXISTS "auth_group_permissions_group_id_b120cbf9" ON "auth_group_permissions" ("group_id");
CREATE INDEX IF NOT EXISTS "auth_group_permissions_permission_id_84c5c92e" ON "auth_group_permissions" ("permission_id");
CREATE UNIQUE INDEX "auth_permission_content_type_id_codename_01ab375a_uniq" ON "auth_permission" ("content_type_id", "codename");
CREATE INDEX IF NOT EXISTS "auth_permission_content_type_id_2f476e4b" ON "auth_permission" ("content_type_id");
CREATE UNIQUE INDEX "users_users_groups_users_id_group_id_02603a5e_uniq" ON "users_users_groups" ("users_id", "group_id");
CREATE INDEX IF NOT EXISTS "users_users_groups_users_id_5572cf36" ON "users_users_groups" ("users_id");
CREATE INDEX IF NOT EXISTS "users_users_groups_group_id_3e15ff0f" ON "users_users_groups" ("group_id");
CREATE UNIQUE INDEX "users_users_user_permissions_users_id_permission_id_119659d5_uniq" ON "users_users_user_permissions" ("users_id", "permission_id");
CREATE INDEX IF NOT EXISTS "users_users_user_permissions_users_id_04010ba6" ON "users_users_user_permissions" ("users_id");
CREATE INDEX IF NOT EXISTS "users_users_user_permissions_permission_id_9a117d64" ON "users_users_user_permissions" ("permission_id");
CREATE INDEX IF NOT EXISTS "django_admin_log_content_type_id_c4bce8eb" ON "django_admin_log" ("content_type_id");
CREATE INDEX IF NOT EXISTS "django_admin_log_user_id_c564eba6" ON "django_admin_log" ("user_id");
CREATE INDEX IF NOT EXISTS "ombor_maxsulotnomi_kategoriya_id_7e576c9f" ON "ombor_maxsulotnomi" ("kategoriya_id");
CREATE INDEX IF NOT EXISTS "django_session_expire_date_a5c62663" ON "django_session" ("expire_date");
CREATE TABLE IF NOT EXISTS "django_admin_log" ("id" integer NOT NULL PRIMARY KEY AUTOINCREMENT, "object_id" text NULL, "object_repr" varchar(200) NOT NULL, "action_flag" smallint unsigned NOT NULL CHECK ("action_flag" >= 0), "change_message" text NOT NULL, "content_type_id" integer NULL REFERENCES "django_content_type" ("id") DEFERRABLE INITIALLY DEFERRED, "user_id" bigint NOT NULL REFERENCES "users_users" ("id") DEFERRABLE INITIALLY DEFERRED, "action_time" datetime NOT NULL);
INSERT INTO "django_admin_log" VALUES(1,'2','g0I3mJHAAXbYlQCF5Sr1CnT0MfwllsLUN246+10.x+lbmpAXBLrQ3YsLB8TvgMmZEso6UVE@g38ia',3,'',8,1,'2024-10-31 08:51:40.413811');
CREATE UNIQUE INDEX "django_content_type_app_label_model_76bd3d3b_uniq" ON "django_content_type" ("app_label", "model");
CREATE UNIQUE INDEX "auth_group_permissions_group_id_permission_id_0cd325b0_uniq" ON "auth_group_permissions" ("group_id", "permission_id");
CREATE INDEX IF NOT EXISTS "auth_group_permissions_group_id_b120cbf9" ON "auth_group_permissions" ("group_id");
CREATE INDEX IF NOT EXISTS "auth_group_permissions_permission_id_84c5c92e" ON "auth_group_permissions" ("permission_id");
CREATE UNIQUE INDEX "auth_permission_content_type_id_codename_01ab375a_uniq" ON "auth_permission" ("content_type_id", "codename");
CREATE INDEX IF NOT EXISTS "auth_permission_content_type_id_2f476e4b" ON "auth_permission" ("content_type_id");
CREATE UNIQUE INDEX "users_users_groups_users_id_group_id_02603a5e_uniq" ON "users_users_groups" ("users_id", "group_id");
CREATE INDEX IF NOT EXISTS "users_users_groups_users_id_5572cf36" ON "users_users_groups" ("users_id");
CREATE INDEX IF NOT EXISTS "users_users_groups_group_id_3e15ff0f" ON "users_users_groups" ("group_id");
CREATE UNIQUE INDEX "users_users_user_permissions_users_id_permission_id_119659d5_uniq" ON "users_users_user_permissions" ("users_id", "permission_id");
CREATE INDEX IF NOT EXISTS "users_users_user_permissions_users_id_04010ba6" ON "users_users_user_permissions" ("users_id");
CREATE INDEX IF NOT EXISTS "users_users_user_permissions_permission_id_9a117d64" ON "users_users_user_permissions" ("permission_id");
CREATE INDEX IF NOT EXISTS "django_admin_log_content_type_id_c4bce8eb" ON "django_admin_log" ("content_type_id");
CREATE INDEX IF NOT EXISTS "django_admin_log_user_id_c564eba6" ON "django_admin_log" ("user_id");
CREATE INDEX IF NOT EXISTS "ombor_maxsulotnomi_kategoriya_id_7e576c9f" ON "ombor_maxsulotnomi" ("kategoriya_id");
CREATE INDEX IF NOT EXISTS "django_session_expire_date_a5c62663" ON "django_session" ("expire_date");
CREATE TABLE IF NOT EXISTS "django_content_type" ("id" integer NOT NULL PRIMARY KEY AUTOINCREMENT, "app_label" varchar(100) NOT NULL, "model" varchar(100) NOT NULL);
INSERT INTO "django_content_type" VALUES(1,'admin','logentry');
INSERT INTO "django_content_type" VALUES(2,'auth','permission');
INSERT INTO "django_content_type" VALUES(3,'auth','group');
INSERT INTO "django_content_type" VALUES(4,'contenttypes','contenttype');
INSERT INTO "django_content_type" VALUES(5,'sessions','session');
INSERT INTO "django_content_type" VALUES(6,'ombor','kategoriya');
INSERT INTO "django_content_type" VALUES(7,'ombor','maxsulotnomi');
INSERT INTO "django_content_type" VALUES(8,'users','users');
CREATE UNIQUE INDEX "django_content_type_app_label_model_76bd3d3b_uniq" ON "django_content_type" ("app_label", "model");
CREATE UNIQUE INDEX "auth_group_permissions_group_id_permission_id_0cd325b0_uniq" ON "auth_group_permissions" ("group_id", "permission_id");
CREATE INDEX IF NOT EXISTS "auth_group_permissions_group_id_b120cbf9" ON "auth_group_permissions" ("group_id");
CREATE INDEX IF NOT EXISTS "auth_group_permissions_permission_id_84c5c92e" ON "auth_group_permissions" ("permission_id");
CREATE UNIQUE INDEX "auth_permission_content_type_id_codename_01ab375a_uniq" ON "auth_permission" ("content_type_id", "codename");
CREATE INDEX IF NOT EXISTS "auth_permission_content_type_id_2f476e4b" ON "auth_permission" ("content_type_id");
CREATE UNIQUE INDEX "users_users_groups_users_id_group_id_02603a5e_uniq" ON "users_users_groups" ("users_id", "group_id");
CREATE INDEX IF NOT EXISTS "users_users_groups_users_id_5572cf36" ON "users_users_groups" ("users_id");
CREATE INDEX IF NOT EXISTS "users_users_groups_group_id_3e15ff0f" ON "users_users_groups" ("group_id");
CREATE UNIQUE INDEX "users_users_user_permissions_users_id_permission_id_119659d5_uniq" ON "users_users_user_permissions" ("users_id", "permission_id");
CREATE INDEX IF NOT EXISTS "users_users_user_permissions_users_id_04010ba6" ON "users_users_user_permissions" ("users_id");
CREATE INDEX IF NOT EXISTS "users_users_user_permissions_permission_id_9a117d64" ON "users_users_user_permissions" ("permission_id");
CREATE INDEX IF NOT EXISTS "django_admin_log_content_type_id_c4bce8eb" ON "django_admin_log" ("content_type_id");
CREATE INDEX IF NOT EXISTS "django_admin_log_user_id_c564eba6" ON "django_admin_log" ("user_id");
CREATE INDEX IF NOT EXISTS "ombor_maxsulotnomi_kategoriya_id_7e576c9f" ON "ombor_maxsulotnomi" ("kategoriya_id");
CREATE INDEX IF NOT EXISTS "django_session_expire_date_a5c62663" ON "django_session" ("expire_date");
CREATE TABLE IF NOT EXISTS "django_migrations" ("id" integer NOT NULL PRIMARY KEY AUTOINCREMENT, "app" varchar(255) NOT NULL, "name" varchar(255) NOT NULL, "applied" datetime NOT NULL);
INSERT INTO "django_migrations" VALUES(1,'contenttypes','0001_initial','2024-10-31 06:28:51.387237');
INSERT INTO "django_migrations" VALUES(2,'contenttypes','0002_remove_content_type_name','2024-10-31 06:28:51.408827');
INSERT INTO "django_migrations" VALUES(3,'auth','0001_initial','2024-10-31 06:28:51.441700');
INSERT INTO "django_migrations" VALUES(4,'auth','0002_alter_permission_name_max_length','2024-10-31 06:28:51.458499');
INSERT INTO "django_migrations" VALUES(5,'auth','0003_alter_user_email_max_length','2024-10-31 06:28:51.471880');
INSERT INTO "django_migrations" VALUES(6,'auth','0004_alter_user_username_opts','2024-10-31 06:28:51.487201');
INSERT INTO "django_migrations" VALUES(7,'auth','0005_alter_user_last_login_null','2024-10-31 06:28:51.501359');
INSERT INTO "django_migrations" VALUES(8,'auth','0006_require_contenttypes_0002','2024-10-31 06:28:51.509601');
INSERT INTO "django_migrations" VALUES(9,'auth','0007_alter_validators_add_error_messages','2024-10-31 06:28:51.525206');
INSERT INTO "django_migrations" VALUES(10,'auth','0008_alter_user_username_max_length','2024-10-31 06:28:51.537207');
INSERT INTO "django_migrations" VALUES(11,'auth','0009_alter_user_last_name_max_length','2024-10-31 06:28:51.549761');
INSERT INTO "django_migrations" VALUES(12,'auth','0010_alter_group_name_max_length','2024-10-31 06:28:51.564888');
INSERT INTO "django_migrations" VALUES(13,'auth','0011_update_proxy_permissions','2024-10-31 06:28:51.578338');
INSERT INTO "django_migrations" VALUES(14,'auth','0012_alter_user_first_name_max_length','2024-10-31 06:28:51.592954');
INSERT INTO "django_migrations" VALUES(15,'users','0001_initial','2024-10-31 06:28:51.617417');
INSERT INTO "django_migrations" VALUES(16,'admin','0001_initial','2024-10-31 06:28:51.642723');
INSERT INTO "django_migrations" VALUES(17,'admin','0002_logentry_remove_auto_add','2024-10-31 06:28:51.665319');
INSERT INTO "django_migrations" VALUES(18,'admin','0003_logentry_add_action_flag_choices','2024-10-31 06:28:51.681347');
INSERT INTO "django_migrations" VALUES(19,'ombor','0001_initial','2024-10-31 06:28:51.702919');
INSERT INTO "django_migrations" VALUES(20,'sessions','0001_initial','2024-10-31 06:28:51.723798');
INSERT INTO "django_migrations" VALUES(21,'users','0002_users_parol','2024-10-31 06:47:55.747538');
CREATE UNIQUE INDEX "django_content_type_app_label_model_76bd3d3b_uniq" ON "django_content_type" ("app_label", "model");
CREATE UNIQUE INDEX "auth_group_permissions_group_id_permission_id_0cd325b0_uniq" ON "auth_group_permissions" ("group_id", "permission_id");
CREATE INDEX IF NOT EXISTS "auth_group_permissions_group_id_b120cbf9" ON "auth_group_permissions" ("group_id");
CREATE INDEX IF NOT EXISTS "auth_group_permissions_permission_id_84c5c92e" ON "auth_group_permissions" ("permission_id");
CREATE UNIQUE INDEX "auth_permission_content_type_id_codename_01ab375a_uniq" ON "auth_permission" ("content_type_id", "codename");
CREATE INDEX IF NOT EXISTS "auth_permission_content_type_id_2f476e4b" ON "auth_permission" ("content_type_id");
CREATE UNIQUE INDEX "users_users_groups_users_id_group_id_02603a5e_uniq" ON "users_users_groups" ("users_id", "group_id");
CREATE INDEX IF NOT EXISTS "users_users_groups_users_id_5572cf36" ON "users_users_groups" ("users_id");
CREATE INDEX IF NOT EXISTS "users_users_groups_group_id_3e15ff0f" ON "users_users_groups" ("group_id");
CREATE UNIQUE INDEX "users_users_user_permissions_users_id_permission_id_119659d5_uniq" ON "users_users_user_permissions" ("users_id", "permission_id");
CREATE INDEX IF NOT EXISTS "users_users_user_permissions_users_id_04010ba6" ON "users_users_user_permissions" ("users_id");
CREATE INDEX IF NOT EXISTS "users_users_user_permissions_permission_id_9a117d64" ON "users_users_user_permissions" ("permission_id");
CREATE INDEX IF NOT EXISTS "django_admin_log_content_type_id_c4bce8eb" ON "django_admin_log" ("content_type_id");
CREATE INDEX IF NOT EXISTS "django_admin_log_user_id_c564eba6" ON "django_admin_log" ("user_id");
CREATE INDEX IF NOT EXISTS "ombor_maxsulotnomi_kategoriya_id_7e576c9f" ON "ombor_maxsulotnomi" ("kategoriya_id");
CREATE INDEX IF NOT EXISTS "django_session_expire_date_a5c62663" ON "django_session" ("expire_date");
CREATE TABLE IF NOT EXISTS "django_session" ("session_key" varchar(40) NOT NULL PRIMARY KEY, "session_data" text NOT NULL, "expire_date" datetime NOT NULL);
INSERT INTO "django_session" VALUES('quy3a2rvhlsd826pm156g4tltidoclrp','.eJxVjEEOwiAQRe_C2pAChYJL956BDDOMVA0kpV0Z765NutDtf-_9l4iwrSVuPS9xJnEWSpx-twT4yHUHdId6axJbXZc5yV2RB-3y2ig_L4f7d1Cgl289gk1-1IaU4ckMTg9kgLMFRSohocvIXhMFzYEt4xR8gJC0J7beeRTvD_OtOKg:1t6Qo7:eT-CiGr9piPCMhfX8jiDndmOukb74mDvN5bZd5SSOOw','2024-11-14 08:45:31.426145');
CREATE UNIQUE INDEX "django_content_type_app_label_model_76bd3d3b_uniq" ON "django_content_type" ("app_label", "model");
CREATE UNIQUE INDEX "auth_group_permissions_group_id_permission_id_0cd325b0_uniq" ON "auth_group_permissions" ("group_id", "permission_id");
CREATE INDEX IF NOT EXISTS "auth_group_permissions_group_id_b120cbf9" ON "auth_group_permissions" ("group_id");
CREATE INDEX IF NOT EXISTS "auth_group_permissions_permission_id_84c5c92e" ON "auth_group_permissions" ("permission_id");
CREATE UNIQUE INDEX "auth_permission_content_type_id_codename_01ab375a_uniq" ON "auth_permission" ("content_type_id", "codename");
CREATE INDEX IF NOT EXISTS "auth_permission_content_type_id_2f476e4b" ON "auth_permission" ("content_type_id");
CREATE UNIQUE INDEX "users_users_groups_users_id_group_id_02603a5e_uniq" ON "users_users_groups" ("users_id", "group_id");
CREATE INDEX IF NOT EXISTS "users_users_groups_users_id_5572cf36" ON "users_users_groups" ("users_id");
CREATE INDEX IF NOT EXISTS "users_users_groups_group_id_3e15ff0f" ON "users_users_groups" ("group_id");
CREATE UNIQUE INDEX "users_users_user_permissions_users_id_permission_id_119659d5_uniq" ON "users_users_user_permissions" ("users_id", "permission_id");
CREATE INDEX IF NOT EXISTS "users_users_user_permissions_users_id_04010ba6" ON "users_users_user_permissions" ("users_id");
CREATE INDEX IF NOT EXISTS "users_users_user_permissions_permission_id_9a117d64" ON "users_users_user_permissions" ("permission_id");
CREATE INDEX IF NOT EXISTS "django_admin_log_content_type_id_c4bce8eb" ON "django_admin_log" ("content_type_id");
CREATE INDEX IF NOT EXISTS "django_admin_log_user_id_c564eba6" ON "django_admin_log" ("user_id");
CREATE INDEX IF NOT EXISTS "ombor_maxsulotnomi_kategoriya_id_7e576c9f" ON "ombor_maxsulotnomi" ("kategoriya_id");
CREATE INDEX IF NOT EXISTS "django_session_expire_date_a5c62663" ON "django_session" ("expire_date");
CREATE TABLE IF NOT EXISTS "ombor_kategoriya" ("id" char(32) NOT NULL PRIMARY KEY, "created_at" date NOT NULL, "updated_at" date NOT NULL, "name" varchar(255) NOT NULL);
CREATE UNIQUE INDEX "django_content_type_app_label_model_76bd3d3b_uniq" ON "django_content_type" ("app_label", "model");
CREATE UNIQUE INDEX "auth_group_permissions_group_id_permission_id_0cd325b0_uniq" ON "auth_group_permissions" ("group_id", "permission_id");
CREATE INDEX IF NOT EXISTS "auth_group_permissions_group_id_b120cbf9" ON "auth_group_permissions" ("group_id");
CREATE INDEX IF NOT EXISTS "auth_group_permissions_permission_id_84c5c92e" ON "auth_group_permissions" ("permission_id");
CREATE UNIQUE INDEX "auth_permission_content_type_id_codename_01ab375a_uniq" ON "auth_permission" ("content_type_id", "codename");
CREATE INDEX IF NOT EXISTS "auth_permission_content_type_id_2f476e4b" ON "auth_permission" ("content_type_id");
CREATE UNIQUE INDEX "users_users_groups_users_id_group_id_02603a5e_uniq" ON "users_users_groups" ("users_id", "group_id");
CREATE INDEX IF NOT EXISTS "users_users_groups_users_id_5572cf36" ON "users_users_groups" ("users_id");
CREATE INDEX IF NOT EXISTS "users_users_groups_group_id_3e15ff0f" ON "users_users_groups" ("group_id");
CREATE UNIQUE INDEX "users_users_user_permissions_users_id_permission_id_119659d5_uniq" ON "users_users_user_permissions" ("users_id", "permission_id");
CREATE INDEX IF NOT EXISTS "users_users_user_permissions_users_id_04010ba6" ON "users_users_user_permissions" ("users_id");
CREATE INDEX IF NOT EXISTS "users_users_user_permissions_permission_id_9a117d64" ON "users_users_user_permissions" ("permission_id");
CREATE INDEX IF NOT EXISTS "django_admin_log_content_type_id_c4bce8eb" ON "django_admin_log" ("content_type_id");
CREATE INDEX IF NOT EXISTS "django_admin_log_user_id_c564eba6" ON "django_admin_log" ("user_id");
CREATE INDEX IF NOT EXISTS "ombor_maxsulotnomi_kategoriya_id_7e576c9f" ON "ombor_maxsulotnomi" ("kategoriya_id");
CREATE INDEX IF NOT EXISTS "django_session_expire_date_a5c62663" ON "django_session" ("expire_date");
CREATE TABLE IF NOT EXISTS "ombor_maxsulotnomi" ("id" char(32) NOT NULL PRIMARY KEY, "created_at" date NOT NULL, "updated_at" date NOT NULL, "name" varchar(255) NOT NULL, "kategoriya_id" char(32) NOT NULL REFERENCES "ombor_kategoriya" ("id") DEFERRABLE INITIALLY DEFERRED);
CREATE UNIQUE INDEX "django_content_type_app_label_model_76bd3d3b_uniq" ON "django_content_type" ("app_label", "model");
CREATE UNIQUE INDEX "auth_group_permissions_group_id_permission_id_0cd325b0_uniq" ON "auth_group_permissions" ("group_id", "permission_id");
CREATE INDEX IF NOT EXISTS "auth_group_permissions_group_id_b120cbf9" ON "auth_group_permissions" ("group_id");
CREATE INDEX IF NOT EXISTS "auth_group_permissions_permission_id_84c5c92e" ON "auth_group_permissions" ("permission_id");
CREATE UNIQUE INDEX "auth_permission_content_type_id_codename_01ab375a_uniq" ON "auth_permission" ("content_type_id", "codename");
CREATE INDEX IF NOT EXISTS "auth_permission_content_type_id_2f476e4b" ON "auth_permission" ("content_type_id");
CREATE UNIQUE INDEX "users_users_groups_users_id_group_id_02603a5e_uniq" ON "users_users_groups" ("users_id", "group_id");
CREATE INDEX IF NOT EXISTS "users_users_groups_users_id_5572cf36" ON "users_users_groups" ("users_id");
CREATE INDEX IF NOT EXISTS "users_users_groups_group_id_3e15ff0f" ON "users_users_groups" ("group_id");
CREATE UNIQUE INDEX "users_users_user_permissions_users_id_permission_id_119659d5_uniq" ON "users_users_user_permissions" ("users_id", "permission_id");
CREATE INDEX IF NOT EXISTS "users_users_user_permissions_users_id_04010ba6" ON "users_users_user_permissions" ("users_id");
CREATE INDEX IF NOT EXISTS "users_users_user_permissions_permission_id_9a117d64" ON "users_users_user_permissions" ("permission_id");
CREATE INDEX IF NOT EXISTS "django_admin_log_content_type_id_c4bce8eb" ON "django_admin_log" ("content_type_id");
CREATE INDEX IF NOT EXISTS "django_admin_log_user_id_c564eba6" ON "django_admin_log" ("user_id");
CREATE INDEX IF NOT EXISTS "ombor_maxsulotnomi_kategoriya_id_7e576c9f" ON "ombor_maxsulotnomi" ("kategoriya_id");
CREATE INDEX IF NOT EXISTS "django_session_expire_date_a5c62663" ON "django_session" ("expire_date");
CREATE TABLE IF NOT EXISTS "users_users" ("id" integer NOT NULL PRIMARY KEY AUTOINCREMENT, "password" varchar(128) NOT NULL, "last_login" datetime NULL, "is_superuser" bool NOT NULL, "username" varchar(150) NOT NULL UNIQUE, "first_name" varchar(150) NOT NULL, "last_name" varchar(150) NOT NULL, "email" varchar(254) NOT NULL, "is_staff" bool NOT NULL, "is_active" bool NOT NULL, "date_joined" datetime NOT NULL, "name" varchar(255) NOT NULL, "superadmin" bool NOT NULL, "admin" bool NOT NULL, "komendant" bool NOT NULL, "parol" varchar(255) NOT NULL);
INSERT INTO "users_users" VALUES(1,'pbkdf2_sha256$870000$KUQCnNyA63hEW12UooPSiz$gjRZwnGQpUJDYtefz+t/v3Qnyw/ciBXrNqRQ77oq4Eg=','2024-10-31 08:45:31.416169',1,'haker','','','',1,1,'2024-10-31 06:29:25.377885','',0,0,0,'');
INSERT INTO "users_users" VALUES(3,'pbkdf2_sha256$870000$83r5pOoBXAHcwNisEcr3zI$ggVmEWB0GfzmYQnkTjog2IM7jNqOQzPYSsXRqkTdduw=',NULL,0,'admin','','','',0,1,'2024-10-31 08:44:23.863558','string',1,1,1,'admin123');
CREATE UNIQUE INDEX "django_content_type_app_label_model_76bd3d3b_uniq" ON "django_content_type" ("app_label", "model");
CREATE UNIQUE INDEX "auth_group_permissions_group_id_permission_id_0cd325b0_uniq" ON "auth_group_permissions" ("group_id", "permission_id");
CREATE INDEX IF NOT EXISTS "auth_group_permissions_group_id_b120cbf9" ON "auth_group_permissions" ("group_id");
CREATE INDEX IF NOT EXISTS "auth_group_permissions_permission_id_84c5c92e" ON "auth_group_permissions" ("permission_id");
CREATE UNIQUE INDEX "auth_permission_content_type_id_codename_01ab375a_uniq" ON "auth_permission" ("content_type_id", "codename");
CREATE INDEX IF NOT EXISTS "auth_permission_content_type_id_2f476e4b" ON "auth_permission" ("content_type_id");
CREATE UNIQUE INDEX "users_users_groups_users_id_group_id_02603a5e_uniq" ON "users_users_groups" ("users_id", "group_id");
CREATE INDEX IF NOT EXISTS "users_users_groups_users_id_5572cf36" ON "users_users_groups" ("users_id");
CREATE INDEX IF NOT EXISTS "users_users_groups_group_id_3e15ff0f" ON "users_users_groups" ("group_id");
CREATE UNIQUE INDEX "users_users_user_permissions_users_id_permission_id_119659d5_uniq" ON "users_users_user_permissions" ("users_id", "permission_id");
CREATE INDEX IF NOT EXISTS "users_users_user_permissions_users_id_04010ba6" ON "users_users_user_permissions" ("users_id");
CREATE INDEX IF NOT EXISTS "users_users_user_permissions_permission_id_9a117d64" ON "users_users_user_permissions" ("permission_id");
CREATE INDEX IF NOT EXISTS "django_admin_log_content_type_id_c4bce8eb" ON "django_admin_log" ("content_type_id");
CREATE INDEX IF NOT EXISTS "django_admin_log_user_id_c564eba6" ON "django_admin_log" ("user_id");
CREATE INDEX IF NOT EXISTS "ombor_maxsulotnomi_kategoriya_id_7e576c9f" ON "ombor_maxsulotnomi" ("kategoriya_id");
CREATE INDEX IF NOT EXISTS "django_session_expire_date_a5c62663" ON "django_session" ("expire_date");
CREATE TABLE IF NOT EXISTS "users_users_groups" ("id" integer NOT NULL PRIMARY KEY AUTOINCREMENT, "users_id" bigint NOT NULL REFERENCES "users_users" ("id") DEFERRABLE INITIALLY DEFERRED, "group_id" integer NOT NULL REFERENCES "auth_group" ("id") DEFERRABLE INITIALLY DEFERRED);
CREATE UNIQUE INDEX "django_content_type_app_label_model_76bd3d3b_uniq" ON "django_content_type" ("app_label", "model");
CREATE UNIQUE INDEX "auth_group_permissions_group_id_permission_id_0cd325b0_uniq" ON "auth_group_permissions" ("group_id", "permission_id");
CREATE INDEX IF NOT EXISTS "auth_group_permissions_group_id_b120cbf9" ON "auth_group_permissions" ("group_id");
CREATE INDEX IF NOT EXISTS "auth_group_permissions_permission_id_84c5c92e" ON "auth_group_permissions" ("permission_id");
CREATE UNIQUE INDEX "auth_permission_content_type_id_codename_01ab375a_uniq" ON "auth_permission" ("content_type_id", "codename");
CREATE INDEX IF NOT EXISTS "auth_permission_content_type_id_2f476e4b" ON "auth_permission" ("content_type_id");
CREATE UNIQUE INDEX "users_users_groups_users_id_group_id_02603a5e_uniq" ON "users_users_groups" ("users_id", "group_id");
CREATE INDEX IF NOT EXISTS "users_users_groups_users_id_5572cf36" ON "users_users_groups" ("users_id");
CREATE INDEX IF NOT EXISTS "users_users_groups_group_id_3e15ff0f" ON "users_users_groups" ("group_id");
CREATE UNIQUE INDEX "users_users_user_permissions_users_id_permission_id_119659d5_uniq" ON "users_users_user_permissions" ("users_id", "permission_id");
CREATE INDEX IF NOT EXISTS "users_users_user_permissions_users_id_04010ba6" ON "users_users_user_permissions" ("users_id");
CREATE INDEX IF NOT EXISTS "users_users_user_permissions_permission_id_9a117d64" ON "users_users_user_permissions" ("permission_id");
CREATE INDEX IF NOT EXISTS "django_admin_log_content_type_id_c4bce8eb" ON "django_admin_log" ("content_type_id");
CREATE INDEX IF NOT EXISTS "django_admin_log_user_id_c564eba6" ON "django_admin_log" ("user_id");
CREATE INDEX IF NOT EXISTS "ombor_maxsulotnomi_kategoriya_id_7e576c9f" ON "ombor_maxsulotnomi" ("kategoriya_id");
CREATE INDEX IF NOT EXISTS "django_session_expire_date_a5c62663" ON "django_session" ("expire_date");
CREATE TABLE IF NOT EXISTS "users_users_user_permissions" ("id" integer NOT NULL PRIMARY KEY AUTOINCREMENT, "users_id" bigint NOT NULL REFERENCES "users_users" ("id") DEFERRABLE INITIALLY DEFERRED, "permission_id" integer NOT NULL REFERENCES "auth_permission" ("id") DEFERRABLE INITIALLY DEFERRED);
CREATE UNIQUE INDEX "django_content_type_app_label_model_76bd3d3b_uniq" ON "django_content_type" ("app_label", "model");
CREATE UNIQUE INDEX "auth_group_permissions_group_id_permission_id_0cd325b0_uniq" ON "auth_group_permissions" ("group_id", "permission_id");
CREATE INDEX IF NOT EXISTS "auth_group_permissions_group_id_b120cbf9" ON "auth_group_permissions" ("group_id");
CREATE INDEX IF NOT EXISTS "auth_group_permissions_permission_id_84c5c92e" ON "auth_group_permissions" ("permission_id");
CREATE UNIQUE INDEX "auth_permission_content_type_id_codename_01ab375a_uniq" ON "auth_permission" ("content_type_id", "codename");
CREATE INDEX IF NOT EXISTS "auth_permission_content_type_id_2f476e4b" ON "auth_permission" ("content_type_id");
CREATE UNIQUE INDEX "users_users_groups_users_id_group_id_02603a5e_uniq" ON "users_users_groups" ("users_id", "group_id");
CREATE INDEX IF NOT EXISTS "users_users_groups_users_id_5572cf36" ON "users_users_groups" ("users_id");
CREATE INDEX IF NOT EXISTS "users_users_groups_group_id_3e15ff0f" ON "users_users_groups" ("group_id");
CREATE UNIQUE INDEX "users_users_user_permissions_users_id_permission_id_119659d5_uniq" ON "users_users_user_permissions" ("users_id", "permission_id");
CREATE INDEX IF NOT EXISTS "users_users_user_permissions_users_id_04010ba6" ON "users_users_user_permissions" ("users_id");
CREATE INDEX IF NOT EXISTS "users_users_user_permissions_permission_id_9a117d64" ON "users_users_user_permissions" ("permission_id");
CREATE INDEX IF NOT EXISTS "django_admin_log_content_type_id_c4bce8eb" ON "django_admin_log" ("content_type_id");
CREATE INDEX IF NOT EXISTS "django_admin_log_user_id_c564eba6" ON "django_admin_log" ("user_id");
CREATE INDEX IF NOT EXISTS "ombor_maxsulotnomi_kategoriya_id_7e576c9f" ON "ombor_maxsulotnomi" ("kategoriya_id");
CREATE INDEX IF NOT EXISTS "django_session_expire_date_a5c62663" ON "django_session" ("expire_date");
